{
	"carName": "ferrari_488_gt3",
	"basicSetup":
	{
		"tyres":
		{
			"tyreCompound": 0,
			"tyrePressure": [ 10, 23, 10, 23 ]
		},
		"alignment":
		{
			"camber": [ 16, 16, 17, 17 ],
			"toe": [ 38, 38, 47, 47 ],
			"staticCamber": [ -2.1548852920532227, -2.1307296752929688, -2.0456604957580566, -2.0223240852355957 ],
			"toeOutLinear": [ -0.0025626295246183872, -0.0025650060269981623, -0.00012860515562351793, -0.00012874911772087216 ],
			"casterLF": 62,
			"casterRF": 62,
			"steerRatio": 3
		},
		"electronics":
		{
			"tC1": 5,
			"tC2": 2,
			"abs": 3,
			"eCUMap": 0,
			"fuelMix": 0,
			"telemetryLaps": 0
		},
		"strategy":
		{
			"fuel": 32,
			"nPitStops": 0,
			"tyreSet": 0,
			"pitStrategy": [
				{
					"fuelToAdd": 0,
					"tyres":
					{
						"tyreCompound": 0,
						"tyrePressure": [ 0, 0, 0, 0 ]
					},
					"tyreSet": 0
				}
			],
			"fuelPerLap": 3
		}
	},
	"advancedSetup":
	{
		"mechanicalBalance":
		{
			"aRBFront": 30,
			"aRBRear": 1,
			"wheelRate": [ 3, 3, 1, 1 ],
			"bumpStopRateUp": [ 10, 10, 2, 2 ],
			"bumpStopRateDn": [ 0, 0, 10, 10 ],
			"bumpStopWindow": [ 1, 1, 30, 30 ],
			"brakeTorque": 20,
			"brakeBias": 63
		},
		"dampers":
		{
			"bumpSlow": [ 8, 8, 3, 3 ],
			"bumpFast": [ 6, 6, 3, 3 ],
			"reboundSlow": [ 6, 6, 8, 8 ],
			"reboundFast": [ 7, 7, 9, 9 ]
		},
		"aeroBalance":
		{
			"rideHeight": [ 1, 6, 0, 18 ],
			"rodLength": [ -30.312385559082031, -30.312385559082031, -17.283908843994141, -17.283908843994141 ],
			"splitter": 0,
			"rearWing": 2,
			"brakeDuct": [ 2, 2 ]
		},
		"drivetrain":
		{
			"preload": 13
		}
	}
}