{
	"carName": "mercedes_amg_gt3",
	"basicSetup":
	{
		"tyres":
		{
			"tyreCompound": 0,
			"tyrePressure": [ 8, 17, 7, 19 ]
		},
		"alignment":
		{
			"camber": [ 22, 22, 7, 7 ],
			"toe": [ 30, 30, 57, 57 ],
			"staticCamber": [ -3.4035508632659912, -3.3931620121002197, -3.9285390377044678, -3.9174656867980957 ],
			"toeOutLinear": [ -0.00011780529166571796, -0.00011772078141802922, 0.00026878112112171948, 0.00026834724121727049 ],
			"casterLF": 33,
			"casterRF": 33,
			"steerRatio": 2
		},
		"electronics":
		{
			"tC1": 6,
			"tC2": 0,
			"abs": 2,
			"eCUMap": 0,
			"fuelMix": 0,
			"telemetryLaps": 0
		},
		"strategy":
		{
			"fuel": 0,
			"nPitStops": 0,
			"tyreSet": 0,
			"pitStrategy": [
				{
					"fuelToAdd": 0,
					"tyres":
					{
						"tyreCompound": 0,
						"tyrePressure": [ 0, 0, 0, 0 ]
					},
					"tyreSet": 0
				}
			],
			"fuelPerLap": 2.9300000667572021
		}
	},
	"advancedSetup":
	{
		"mechanicalBalance":
		{
			"aRBFront": 8,
			"aRBRear": 4,
			"wheelRate": [ 1, 1, 4, 4 ],
			"bumpStopRateUp": [ 4, 4, 6, 6 ],
			"bumpStopRateDn": [ 0, 0, 10, 10 ],
			"bumpStopWindow": [ 10, 10, 45, 45 ],
			"brakeTorque": 20,
			"brakeBias": 39
		},
		"dampers":
		{
			"bumpSlow": [ 3, 3, 6, 6 ],
			"bumpFast": [ 2, 2, 5, 5 ],
			"reboundSlow": [ 4, 4, 8, 8 ],
			"reboundFast": [ 5, 5, 9, 9 ]
		},
		"aeroBalance":
		{
			"rideHeight": [ 3, 6, 2, 18 ],
			"rodLength": [ 14.340848922729492, 14.340848922729492, 64.731094360351563, 64.731094360351563 ],
			"splitter": 9,
			"rearWing": 7,
			"brakeDuct": [ 2, 2 ]
		},
		"drivetrain":
		{
			"preload": 1
		}
	}
}