{
	"carName": "mercedes_amg_gt3",
	"basicSetup":
	{
		"tyres":
		{
			"tyreCompound": 0,
			"tyrePressure": [ 50, 50, 61, 61 ]
		},
		"alignment":
		{
			"camber": [ 22, 22, 7, 7 ],
			"toe": [ 30, 30, 57, 57 ],
			"staticCamber": [ -3.4702270030975342, -3.4559252262115479, -3.9355294704437256, -3.922907829284668 ],
			"toeOutLinear": [ -6.6639076976571232e-05, -6.8603563704527915e-05, 0.00027426693122833967, 0.00027354553458280861 ],
			"casterLF": 33,
			"casterRF": 33,
			"steerRatio": 2
		},
		"electronics":
		{
			"tC1": 9,
			"tC2": 0,
			"abs": 3,
			"eCUMap": 0,
			"fuelMix": 0,
			"telemetryLaps": 0
		},
		"strategy":
		{
			"fuel": 23,
			"nPitStops": 0,
			"tyreSet": 0,
			"pitStrategy": [
				{
					"fuelToAdd": 0,
					"tyres":
					{
						"tyreCompound": 0,
						"tyrePressure": [ 0, 0, 0, 0 ]
					},
					"tyreSet": 0
				}
			],
			"fuelPerLap": 2.4539623260498047
		}
	},
	"advancedSetup":
	{
		"mechanicalBalance":
		{
			"aRBFront": 8,
			"aRBRear": 4,
			"wheelRate": [ 1, 1, 4, 4 ],
			"bumpStopRateUp": [ 4, 4, 6, 6 ],
			"bumpStopRateDn": [ 0, 0, 10, 10 ],
			"bumpStopWindow": [ 10, 10, 45, 45 ],
			"brakeTorque": 20,
			"brakeBias": 39
		},
		"dampers":
		{
			"bumpSlow": [ 3, 3, 6, 6 ],
			"bumpFast": [ 2, 2, 5, 5 ],
			"reboundSlow": [ 4, 4, 8, 8 ],
			"reboundFast": [ 5, 5, 9, 9 ]
		},
		"aeroBalance":
		{
			"rideHeight": [ 4, 6, 3, 18 ],
			"rodLength": [ 15.498208999633789, 15.498208999633789, 65.914505004882813, 65.914505004882813 ],
			"splitter": 10,
			"rearWing": 8,
			"brakeDuct": [ 3, 3 ]
		},
		"drivetrain":
		{
			"preload": 1
		}
	}
}