{
	"carName": "mercedes_amg_gt3",
	"basicSetup":
	{
		"tyres":
		{
			"tyreCompound": 0,
			"tyrePressure": [ 43, 53, 45, 50 ]
		},
		"alignment":
		{
			"camber": [ 20, 20, 5, 5 ],
			"toe": [ 28, 28, 51, 51 ],
			"staticCamber": [ -3.4743392467498779, -3.4454898834228516, -4.136235237121582, -4.1120047569274902 ],
			"toeOutLinear": [ -0.00017675079288892448, -0.00018070715304929763, 0.00015725550474599004, 0.00015675566100981086 ],
			"casterLF": 18,
			"casterRF": 19,
			"steerRatio": 4
		},
		"electronics":
		{
			"tC1": 9,
			"tC2": 0,
			"abs": 3,
			"eCUMap": 0,
			"fuelMix": 0,
			"telemetryLaps": 0
		},
		"strategy":
		{
			"fuel": 0,
			"nPitStops": 0,
			"tyreSet": 1,
			"pitStrategy": [
				{
					"fuelToAdd": 0,
					"tyres":
					{
						"tyreCompound": 0,
						"tyrePressure": [ 0, 0, 0, 0 ]
					},
					"tyreSet": 2
				}
			],
			"fuelPerLap": 3.2300000190734863
		}
	},
	"advancedSetup":
	{
		"mechanicalBalance":
		{
			"aRBFront": 3,
			"aRBRear": 4,
			"wheelRate": [ 3, 3, 1, 1 ],
			"bumpStopRateUp": [ 6, 6, 5, 5 ],
			"bumpStopRateDn": [ 0, 0, 10, 10 ],
			"bumpStopWindow": [ 2, 2, 8, 8 ],
			"brakeTorque": 20,
			"brakeBias": 53
		},
		"dampers":
		{
			"bumpSlow": [ 6, 6, 6, 6 ],
			"bumpFast": [ 2, 2, 6, 6 ],
			"reboundSlow": [ 7, 7, 7, 7 ],
			"reboundFast": [ 3, 3, 7, 7 ]
		},
		"aeroBalance":
		{
			"rideHeight": [ 0, 6, 1, 18 ],
			"rodLength": [ 8.1280717849731445, 8.1280717849731445, 74.885490417480469, 74.885490417480469 ],
			"splitter": 9,
			"rearWing": 1,
			"brakeDuct": [ 1, 1 ]
		},
		"drivetrain":
		{
			"preload": 12
		}
	}
}