{
	"carName": "porsche_991_gt3_r",
	"basicSetup":
	{
		"tyres":
		{
			"tyreCompound": 0,
			"tyrePressure": [ 10, 10, 10, 10 ]
		},
		"alignment":
		{
			"camber": [ 32, 32, 12, 12 ],
			"toe": [ 30, 30, 60, 60 ],
			"staticCamber": [ -3.5436670780181885, -3.5175957679748535, -3.9551296234130859, -3.9385945796966553 ],
			"toeOutLinear": [ 0.00055848812917247415, 0.00053906172979623079, -0.00079532666131854057, -0.0007955817854963243 ],
			"casterLF": 0,
			"casterRF": 0,
			"steerRatio": 3
		},
		"electronics":
		{
			"tC1": 4,
			"tC2": 0,
			"abs": 3,
			"eCUMap": 3,
			"fuelMix": 0,
			"telemetryLaps": 0
		},
		"strategy":
		{
			"fuel": 0,
			"nPitStops": 0,
			"tyreSet": 0,
			"pitStrategy": [
				{
					"fuelToAdd": 0,
					"tyres":
					{
						"tyreCompound": 0,
						"tyrePressure": [ 0, 0, 0, 0 ]
					},
					"tyreSet": 2
				}
			],
			"fuelPerLap": 3
		}
	},
	"advancedSetup":
	{
		"mechanicalBalance":
		{
			"aRBFront": 4,
			"aRBRear": 1,
			"wheelRate": [ 3, 3, 3, 3 ],
			"bumpStopRateUp": [ 8, 8, 5, 5 ],
			"bumpStopRateDn": [ 0, 0, 10, 10 ],
			"bumpStopWindow": [ 10, 10, 40, 40 ],
			"brakeTorque": 20,
			"brakeBias": 57
		},
		"dampers":
		{
			"bumpSlow": [ 5, 5, 5, 5 ],
			"bumpFast": [ 5, 5, 8, 8 ],
			"reboundSlow": [ 5, 5, 5, 5 ],
			"reboundFast": [ 7, 7, 10, 10 ]
		},
		"aeroBalance":
		{
			"rideHeight": [ 0, 11, 12, 18 ],
			"rodLength": [ 28.968135833740234, 28.968135833740234, 24.533493041992188, 24.533493041992188 ],
			"splitter": 0,
			"rearWing": 13,
			"brakeDuct": [ 4, 2 ]
		},
		"drivetrain":
		{
			"preload": 10
		}
	}
}