{
	"carName": "mercedes_amg_gt3_evo",
	"basicSetup":
	{
		"tyres":
		{
			"tyreCompound": 0,
			"tyrePressure": [ 44, 43, 42, 42 ]
		},
		"alignment":
		{
			"camber": [ 0, 0, 2, 2 ],
			"toe": [ 30, 30, 50, 50 ],
			"staticCamber": [ -4.0859336853027344, -4.0865883827209473, -3.9903993606567383, -3.9904148578643799 ],
			"toeOutLinear": [ 0.000277365354122594, 0.00027738898643292487, 0.00021406590531114489, 0.0002139584394171834 ],
			"casterLF": 33,
			"casterRF": 33,
			"steerRatio": 3
		},
		"electronics":
		{
			"tC1": 2,
			"tC2": 0,
			"abs": 3,
			"eCUMap": 0,
			"fuelMix": 0,
			"telemetryLaps": 99
		},
		"strategy":
		{
			"fuel": 60,
			"nPitStops": 0,
			"tyreSet": 0,
			"frontBrakePadCompound": 1,
			"rearBrakePadCompound": 1,
			"pitStrategy": [
				{
					"fuelToAdd": 0,
					"tyres":
					{
						"tyreCompound": 0,
						"tyrePressure": [ 44, 43, 42, 42 ]
					},
					"tyreSet": 2,
					"frontBrakePadCompound": 1,
					"rearBrakePadCompound": 1
				}
			],
			"fuelPerLap": 2.9300000667572021
		}
	},
	"advancedSetup":
	{
		"mechanicalBalance":
		{
			"aRBFront": 5,
			"aRBRear": 2,
			"wheelRate": [ 3, 3, 4, 4 ],
			"bumpStopRateUp": [ 3, 3, 3, 3 ],
			"bumpStopRateDn": [ 0, 0, 10, 10 ],
			"bumpStopWindow": [ 3, 3, 15, 15 ],
			"brakeTorque": 20,
			"brakeBias": 58
		},
		"dampers":
		{
			"bumpSlow": [ 5, 5, 5, 5 ],
			"bumpFast": [ 6, 6, 6, 6 ],
			"reboundSlow": [ 6, 6, 4, 4 ],
			"reboundFast": [ 5, 5, 8, 8 ]
		},
		"aeroBalance":
		{
			"rideHeight": [ 4, 6, 9, 18 ],
			"rodLength": [ 1.2986085414886475, 1.2986085414886475, 65.686187744140625, 65.686187744140625 ],
			"splitter": 5,
			"rearWing": 6,
			"brakeDuct": [ 4, 4 ]
		},
		"drivetrain":
		{
			"preload": 4
		}
	},
	"trackBopType": 42
}