{
	"carName": "mclaren_720s_gt3_evo",
	"basicSetup":
	{
		"tyres":
		{
			"tyreCompound": 0,
			"tyrePressure": [ 57, 54, 52, 46 ]
		},
		"alignment":
		{
			"camber": [ 0, 0, 0, 0 ],
			"toe": [ 38, 38, 25, 25 ],
			"staticCamber": [ -4.6274018287658691, -4.6285805702209473, -4.5941352844238281, -4.5979948043823242 ],
			"toeOutLinear": [ 0.0017466788413003087, 0.0017468607984483242, 0.00050149939488619566, 0.00050148728769272566 ],
			"casterLF": 33,
			"casterRF": 33,
			"steerRatio": 1
		},
		"electronics":
		{
			"tC1": 4,
			"tC2": 0,
			"abs": 3,
			"eCUMap": 0,
			"fuelMix": 0,
			"telemetryLaps": 99
		},
		"strategy":
		{
			"fuel": 13,
			"nPitStops": 0,
			"tyreSet": 0,
			"frontBrakePadCompound": 0,
			"rearBrakePadCompound": 0,
			"pitStrategy": [
				{
					"fuelToAdd": 0,
					"tyres":
					{
						"tyreCompound": 0,
						"tyrePressure": [ 54, 50, 52, 46 ]
					},
					"tyreSet": 2,
					"frontBrakePadCompound": 1,
					"rearBrakePadCompound": 1
				}
			],
			"fuelPerLap": 3.2999999523162842
		}
	},
	"advancedSetup":
	{
		"mechanicalBalance":
		{
			"aRBFront": 6,
			"aRBRear": 3,
			"wheelRate": [ 2, 2, 2, 2 ],
			"bumpStopRateUp": [ 9, 9, 5, 5 ],
			"bumpStopRateDn": [ 0, 0, 10, 10 ],
			"bumpStopWindow": [ 10, 10, 25, 25 ],
			"brakeTorque": 20,
			"brakeBias": 20
		},
		"dampers":
		{
			"bumpSlow": [ 30, 30, 22, 22 ],
			"bumpFast": [ 20, 20, 20, 20 ],
			"reboundSlow": [ 18, 18, 22, 22 ],
			"reboundFast": [ 33, 33, 28, 28 ]
		},
		"aeroBalance":
		{
			"rideHeight": [ 5, 6, 4, 18 ],
			"rodLength": [ 57.88226318359375, 57.88226318359375, 36.63153076171875, 36.63153076171875 ],
			"splitter": 3,
			"rearWing": 11,
			"brakeDuct": [ 3, 2 ]
		},
		"drivetrain":
		{
			"preload": 10
		}
	},
	"trackBopType": 27
}