{
	"carName": "bmw_m4_gt4",
	"basicSetup":
	{
		"tyres":
		{
			"tyreCompound": 0,
			"tyrePressure": [ 44, 45, 38, 38 ]
		},
		"alignment":
		{
			"camber": [ 8, 8, 6, 6 ],
			"toe": [ 10, 10, 10, 10 ],
			"staticCamber": [ -2.9275941848754883, -2.9232664108276367, -2.6075437068939209, -2.6075665950775146 ],
			"toeOutLinear": [ -6.5086889662779868e-05, -6.3060935644898564e-05, 0.00019634455384220928, 0.00019634279306046665 ],
			"casterLF": 0,
			"casterRF": 0,
			"steerRatio": 5
		},
		"electronics":
		{
			"tC1": 1,
			"tC2": 0,
			"abs": 1,
			"eCUMap": 0,
			"fuelMix": 0,
			"telemetryLaps": 0
		},
		"strategy":
		{
			"fuel": 54,
			"nPitStops": 0,
			"tyreSet": 1,
			"frontBrakePadCompound": 1,
			"rearBrakePadCompound": 1,
			"pitStrategy": [
				{
					"fuelToAdd": 0,
					"tyres":
					{
						"tyreCompound": 0,
						"tyrePressure": [ 44, 45, 38, 38 ]
					},
					"tyreSet": 2,
					"frontBrakePadCompound": 1,
					"rearBrakePadCompound": 1
				}
			],
			"fuelPerLap": 3.4500000476837158
		}
	},
	"advancedSetup":
	{
		"mechanicalBalance":
		{
			"aRBFront": 0,
			"aRBRear": 0,
			"wheelRate": [ 0, 0, 0, 0 ],
			"bumpStopRateUp": [ 0, 0, 0, 0 ],
			"bumpStopRateDn": [ 0, 0, 10, 10 ],
			"bumpStopWindow": [ 40, 40, 30, 30 ],
			"brakeTorque": 20,
			"brakeBias": 20
		},
		"dampers":
		{
			"bumpSlow": [ 20, 20, 19, 19 ],
			"bumpFast": [ 0, 0, 0, 0 ],
			"reboundSlow": [ 14, 14, 6, 6 ],
			"reboundFast": [ 0, 0, 0, 0 ]
		},
		"aeroBalance":
		{
			"rideHeight": [ 2, 11, 10, 18 ],
			"rodLength": [ -16.384326934814453, -16.384326934814453, 10.001256942749023, 10.001256942749023 ],
			"splitter": 0,
			"rearWing": 2,
			"brakeDuct": [ 3, 4 ]
		},
		"drivetrain":
		{
			"preload": 3
		}
	},
	"trackBopType": 10
}