{
	"carName": "porsche_991ii_gt3_cup",
	"basicSetup":
	{
		"tyres":
		{
			"tyreCompound": 0,
			"tyrePressure": [ 36, 39, 25, 28 ]
		},
		"alignment":
		{
			"camber": [ 20, 20, 13, 13 ],
			"toe": [ 35, 35, 45, 45 ],
			"staticCamber": [ -2.3893089294433594, -2.3474674224853516, -2.9537332057952881, -2.8406643867492676 ],
			"toeOutLinear": [ 0.00054921634728088975, 0.00053536129416897893, -0.00083961297059431672, -0.00084430532297119498 ],
			"casterLF": 11,
			"casterRF": 11,
			"steerRatio": 3
		},
		"electronics":
		{
			"tC1": 0,
			"tC2": 0,
			"abs": 3,
			"eCUMap": 0,
			"fuelMix": 0,
			"telemetryLaps": 0
		},
		"strategy":
		{
			"fuel": 16,
			"nPitStops": 0,
			"tyreSet": 2,
			"pitStrategy": [
				{
					"fuelToAdd": 0,
					"tyres":
					{
						"tyreCompound": 0,
						"tyrePressure": [ 0, 0, 0, 0 ]
					},
					"tyreSet": 2
				}
			],
			"fuelPerLap": 2.2289297580718994
		}
	},
	"advancedSetup":
	{
		"mechanicalBalance":
		{
			"aRBFront": 2,
			"aRBRear": 3,
			"wheelRate": [ 0, 0, 0, 0 ],
			"bumpStopRateUp": [ 8, 8, 2, 2 ],
			"bumpStopRateDn": [ 0, 0, 10, 10 ],
			"bumpStopWindow": [ 0, 0, 0, 0 ],
			"brakeTorque": 20,
			"brakeBias": 25
		},
		"dampers":
		{
			"bumpSlow": [ 4, 4, 4, 4 ],
			"bumpFast": [ 4, 4, 4, 4 ],
			"reboundSlow": [ 5, 5, 4, 4 ],
			"reboundFast": [ 4, 4, 5, 5 ]
		},
		"aeroBalance":
		{
			"rideHeight": [ 4, 11, 6, 18 ],
			"rodLength": [ -34.102287292480469, -34.102287292480469, -69.327682495117188, -69.327682495117188 ],
			"splitter": 0,
			"rearWing": 7,
			"brakeDuct": [ 3, 3 ]
		},
		"drivetrain":
		{
			"preload": 0
		}
	}
}