{
	"carName": "mercedes_amg_gt3",
	"basicSetup":
	{
		"tyres":
		{
			"tyreCompound": 0,
			"tyrePressure": [ 18, 22, 23, 24 ]
		},
		"alignment":
		{
			"camber": [ 28, 28, 15, 15 ],
			"toe": [ 32, 32, 50, 50 ],
			"staticCamber": [ -2.8167543411254883, -2.8111534118652344, -3.1551754474639893, -3.1508862972259521 ],
			"toeOutLinear": [ -0.00014774927694816142, -0.00014884413394611329, 0.0001645624142838642, 0.00016447031521238387 ],
			"casterLF": 33,
			"casterRF": 33,
			"steerRatio": 0
		},
		"electronics":
		{
			"tC1": 6,
			"tC2": 0,
			"abs": 3,
			"eCUMap": 0,
			"fuelMix": 0,
			"telemetryLaps": 0
		},
		"strategy":
		{
			"fuel": 19,
			"nPitStops": 0,
			"tyreSet": 1,
			"pitStrategy": [
				{
					"fuelToAdd": 2,
					"tyres":
					{
						"tyreCompound": 0,
						"tyrePressure": [ 10, 10, 8, 8 ]
					},
					"tyreSet": 2
				}
			],
			"fuelPerLap": 3.1600000858306885
		}
	},
	"advancedSetup":
	{
		"mechanicalBalance":
		{
			"aRBFront": 5,
			"aRBRear": 2,
			"wheelRate": [ 1, 1, 2, 2 ],
			"bumpStopRateUp": [ 7, 7, 7, 7 ],
			"bumpStopRateDn": [ 0, 0, 10, 10 ],
			"bumpStopWindow": [ 15, 15, 50, 50 ],
			"brakeTorque": 20,
			"brakeBias": 51
		},
		"dampers":
		{
			"bumpSlow": [ 6, 6, 3, 3 ],
			"bumpFast": [ 4, 4, 3, 3 ],
			"reboundSlow": [ 4, 4, 3, 3 ],
			"reboundFast": [ 6, 6, 6, 6 ]
		},
		"aeroBalance":
		{
			"rideHeight": [ 4, 6, 5, 18 ],
			"rodLength": [ 14.908093452453613, 14.908093452453613, 74.473251342773438, 74.473251342773438 ],
			"splitter": 5,
			"rearWing": 6,
			"brakeDuct": [ 3, 2 ]
		},
		"drivetrain":
		{
			"preload": 6
		}
	}
}