{
	"carName": "mercedes_amg_gt3",
	"basicSetup":
	{
		"tyres":
		{
			"tyreCompound": 0,
			"tyrePressure": [ 11, 14, 13, 14 ]
		},
		"alignment":
		{
			"camber": [ 18, 18, 4, 4 ],
			"toe": [ 29, 28, 51, 51 ],
			"staticCamber": [ -3.8585073947906494, -3.8386297225952148, -4.2602930068969727, -4.2453451156616211 ],
			"toeOutLinear": [ -5.5621629144297913e-05, -3.8384416257031262e-05, 0.00018203129002358764, 0.00018174621800426394 ],
			"casterLF": 33,
			"casterRF": 33,
			"steerRatio": 1
		},
		"electronics":
		{
			"tC1": 6,
			"tC2": 0,
			"abs": 3,
			"eCUMap": 0,
			"fuelMix": 0,
			"telemetryLaps": 0
		},
		"strategy":
		{
			"fuel": 24,
			"nPitStops": 0,
			"tyreSet": 0,
			"pitStrategy": [
				{
					"fuelToAdd": 2,
					"tyres":
					{
						"tyreCompound": 0,
						"tyrePressure": [ 10, 10, 8, 8 ]
					},
					"tyreSet": 2
				}
			],
			"fuelPerLap": 3.1600000858306885
		}
	},
	"advancedSetup":
	{
		"mechanicalBalance":
		{
			"aRBFront": 4,
			"aRBRear": 2,
			"wheelRate": [ 1, 1, 3, 3 ],
			"bumpStopRateUp": [ 4, 4, 3, 3 ],
			"bumpStopRateDn": [ 0, 0, 10, 10 ],
			"bumpStopWindow": [ 10, 10, 50, 50 ],
			"brakeTorque": 20,
			"brakeBias": 47
		},
		"dampers":
		{
			"bumpSlow": [ 4, 4, 7, 7 ],
			"bumpFast": [ 3, 3, 5, 5 ],
			"reboundSlow": [ 4, 4, 8, 8 ],
			"reboundFast": [ 5, 5, 7, 7 ]
		},
		"aeroBalance":
		{
			"rideHeight": [ 3, 6, 4, 18 ],
			"rodLength": [ 15.51032543182373, 15.51032543182373, 70.70513916015625, 70.70513916015625 ],
			"splitter": 8,
			"rearWing": 7,
			"brakeDuct": [ 3, 2 ]
		},
		"drivetrain":
		{
			"preload": 3
		}
	}
}