{
	"carName": "mercedes_amg_gt3",
	"basicSetup":
	{
		"tyres":
		{
			"tyreCompound": 0,
			"tyrePressure": [ 22, 23, 27, 28 ]
		},
		"alignment":
		{
			"camber": [ 28, 28, 15, 15 ],
			"toe": [ 32, 32, 50, 50 ],
			"staticCamber": [ -2.7261831760406494, -2.7175102233886719, -3.1432678699493408, -3.1359853744506836 ],
			"toeOutLinear": [ -0.00021771097090095282, -0.00021944077161606401, 0.00015207918477244675, 0.00015131516556721181 ],
			"casterLF": 33,
			"casterRF": 33,
			"steerRatio": 0
		},
		"electronics":
		{
			"tC1": 2,
			"tC2": 0,
			"abs": 3,
			"eCUMap": 0,
			"fuelMix": 0,
			"telemetryLaps": 0
		},
		"strategy":
		{
			"fuel": 23,
			"nPitStops": 0,
			"tyreSet": 1,
			"pitStrategy": [
				{
					"fuelToAdd": 2,
					"tyres":
					{
						"tyreCompound": 0,
						"tyrePressure": [ 10, 10, 8, 8 ]
					},
					"tyreSet": 2
				}
			],
			"fuelPerLap": 3.4090337753295898
		}
	},
	"advancedSetup":
	{
		"mechanicalBalance":
		{
			"aRBFront": 5,
			"aRBRear": 2,
			"wheelRate": [ 1, 1, 2, 2 ],
			"bumpStopRateUp": [ 7, 7, 7, 7 ],
			"bumpStopRateDn": [ 0, 0, 10, 10 ],
			"bumpStopWindow": [ 15, 15, 50, 50 ],
			"brakeTorque": 20,
			"brakeBias": 51
		},
		"dampers":
		{
			"bumpSlow": [ 6, 4, 3, 3 ],
			"bumpFast": [ 4, 4, 3, 3 ],
			"reboundSlow": [ 4, 7, 3, 3 ],
			"reboundFast": [ 6, 6, 6, 6 ]
		},
		"aeroBalance":
		{
			"rideHeight": [ 2, 6, 3, 18 ],
			"rodLength": [ 13.514687538146973, 13.514687538146973, 73.019515991210938, 73.019515991210938 ],
			"splitter": 4,
			"rearWing": 5,
			"brakeDuct": [ 3, 2 ]
		},
		"drivetrain":
		{
			"preload": 6
		}
	}
}