{
	"carName": "mercedes_amg_gt3",
	"basicSetup":
	{
		"tyres":
		{
			"tyreCompound": 0,
			"tyrePressure": [ 18, 22, 23, 24 ]
		},
		"alignment":
		{
			"camber": [ 28, 28, 13, 13 ],
			"toe": [ 29, 29, 48, 48 ],
			"staticCamber": [ -2.9378917217254639, -2.9453809261322021, -3.3463039398193359, -3.3527626991271973 ],
			"toeOutLinear": [ 1.484475978941191e-05, 1.669137054705061e-05, 0.0001218911274918355, 0.00012304811389185488 ],
			"casterLF": 33,
			"casterRF": 33,
			"steerRatio": 0
		},
		"electronics":
		{
			"tC1": 6,
			"tC2": 0,
			"abs": 3,
			"eCUMap": 0,
			"fuelMix": 0,
			"telemetryLaps": 0
		},
		"strategy":
		{
			"fuel": 19,
			"nPitStops": 0,
			"tyreSet": 1,
			"pitStrategy": [
				{
					"fuelToAdd": 2,
					"tyres":
					{
						"tyreCompound": 0,
						"tyrePressure": [ 10, 10, 8, 8 ]
					},
					"tyreSet": 2
				}
			],
			"fuelPerLap": 3.1600000858306885
		}
	},
	"advancedSetup":
	{
		"mechanicalBalance":
		{
			"aRBFront": 3,
			"aRBRear": 2,
			"wheelRate": [ 0, 0, 3, 3 ],
			"bumpStopRateUp": [ 7, 7, 3, 3 ],
			"bumpStopRateDn": [ 0, 0, 10, 10 ],
			"bumpStopWindow": [ 15, 15, 50, 50 ],
			"brakeTorque": 20,
			"brakeBias": 47
		},
		"dampers":
		{
			"bumpSlow": [ 3, 6, 5, 5 ],
			"bumpFast": [ 4, 4, 5, 5 ],
			"reboundSlow": [ 6, 7, 5, 5 ],
			"reboundFast": [ 6, 6, 6, 6 ]
		},
		"aeroBalance":
		{
			"rideHeight": [ 6, 6, 4, 18 ],
			"rodLength": [ 19.070766448974609, 19.070766448974609, 69.907333374023438, 69.907333374023438 ],
			"splitter": 5,
			"rearWing": 4,
			"brakeDuct": [ 3, 2 ]
		},
		"drivetrain":
		{
			"preload": 6
		}
	}
}