{
	"carName": "audi_r8_lms",
	"basicSetup":
	{
		"tyres":
		{
			"tyreCompound": 0,
			"tyrePressure": [ 26, 35, 24, 28 ]
		},
		"alignment":
		{
			"camber": [ 11, 11, 13, 13 ],
			"toe": [ 24, 24, 65, 65 ],
			"staticCamber": [ -4.1004581451416016, -4.0626354217529297, -3.4022922515869141, -3.3734252452850342 ],
			"toeOutLinear": [ 0.00051919562974944711, 0.00053230806952342391, 0.00086948223179206252, 0.00086680147796869278 ],
			"casterLF": 15,
			"casterRF": 15,
			"steerRatio": 0
		},
		"electronics":
		{
			"tC1": 3,
			"tC2": 0,
			"abs": 3,
			"eCUMap": 0,
			"fuelMix": 0,
			"telemetryLaps": 0
		},
		"strategy":
		{
			"fuel": 21,
			"nPitStops": 0,
			"tyreSet": 1,
			"pitStrategy": [
				{
					"fuelToAdd": 0,
					"tyres":
					{
						"tyreCompound": 0,
						"tyrePressure": [ 0, 0, 0, 0 ]
					},
					"tyreSet": 0
				}
			],
			"fuelPerLap": 3.4932470321655273
		}
	},
	"advancedSetup":
	{
		"mechanicalBalance":
		{
			"aRBFront": 3,
			"aRBRear": 1,
			"wheelRate": [ 1, 2, 2, 2 ],
			"bumpStopRateUp": [ 14, 14, 2, 2 ],
			"bumpStopRateDn": [ 0, 0, 10, 10 ],
			"bumpStopWindow": [ 7, 7, 25, 25 ],
			"brakeTorque": 20,
			"brakeBias": 65
		},
		"dampers":
		{
			"bumpSlow": [ 19, 19, 14, 14 ],
			"bumpFast": [ 20, 20, 10, 10 ],
			"reboundSlow": [ 28, 28, 22, 22 ],
			"reboundFast": [ 30, 30, 30, 30 ]
		},
		"aeroBalance":
		{
			"rideHeight": [ 3, 6, 4, 18 ],
			"rodLength": [ 30.299570083618164, 30.299570083618164, 9.3549442291259766, 9.3549442291259766 ],
			"splitter": 0,
			"rearWing": 1,
			"brakeDuct": [ 3, 2 ]
		},
		"drivetrain":
		{
			"preload": 13
		}
	}
}