{
	"carName": "mercedes_amg_gt3",
	"basicSetup":
	{
		"tyres":
		{
			"tyreCompound": 0,
			"tyrePressure": [ 15, 26, 14, 27 ]
		},
		"alignment":
		{
			"camber": [ 28, 28, 15, 15 ],
			"toe": [ 32, 32, 50, 50 ],
			"staticCamber": [ -3.0229828357696533, -3.0220246315002441, -3.1882243156433105, -3.1854135990142822 ],
			"toeOutLinear": [ 1.6685100490576588e-05, 1.879258343251422e-05, 0.00020969225442968309, 0.00021097148419357836 ],
			"casterLF": 33,
			"casterRF": 33,
			"steerRatio": 0
		},
		"electronics":
		{
			"tC1": 9,
			"tC2": 0,
			"abs": 3,
			"eCUMap": 0,
			"fuelMix": 0,
			"telemetryLaps": 0
		},
		"strategy":
		{
			"fuel": 45,
			"nPitStops": 0,
			"tyreSet": 1,
			"pitStrategy": [
				{
					"fuelToAdd": 0,
					"tyres":
					{
						"tyreCompound": 0,
						"tyrePressure": [ 0, 0, 0, 0 ]
					},
					"tyreSet": 2
				}
			],
			"fuelPerLap": 3.8724019527435303
		}
	},
	"advancedSetup":
	{
		"mechanicalBalance":
		{
			"aRBFront": 5,
			"aRBRear": 2,
			"wheelRate": [ 1, 1, 2, 2 ],
			"bumpStopRateUp": [ 7, 7, 7, 7 ],
			"bumpStopRateDn": [ 0, 0, 10, 10 ],
			"bumpStopWindow": [ 15, 15, 50, 50 ],
			"brakeTorque": 20,
			"brakeBias": 56
		},
		"dampers":
		{
			"bumpSlow": [ 6, 6, 1, 1 ],
			"bumpFast": [ 4, 4, 3, 3 ],
			"reboundSlow": [ 4, 4, 3, 3 ],
			"reboundFast": [ 6, 6, 6, 6 ]
		},
		"aeroBalance":
		{
			"rideHeight": [ 7, 6, 9, 18 ],
			"rodLength": [ 18.497390747070313, 18.497390747070313, 80.182579040527344, 80.182579040527344 ],
			"splitter": 0,
			"rearWing": 1,
			"brakeDuct": [ 3, 3 ]
		},
		"drivetrain":
		{
			"preload": 6
		}
	}
}