{
	"carName": "mercedes_amg_gt3",
	"basicSetup":
	{
		"tyres":
		{
			"tyreCompound": 0,
			"tyrePressure": [ 10, 21, 9, 22 ]
		},
		"alignment":
		{
			"camber": [ 28, 28, 15, 15 ],
			"toe": [ 32, 32, 50, 50 ],
			"staticCamber": [ -3.0266590118408203, -3.0194547176361084, -3.1911513805389404, -3.183234691619873 ],
			"toeOutLinear": [ 1.7856871636467986e-05, 1.8521992387832142e-05, 0.00021094763360451907, 0.00021105849009472877 ],
			"casterLF": 33,
			"casterRF": 33,
			"steerRatio": 0
		},
		"electronics":
		{
			"tC1": 9,
			"tC2": 0,
			"abs": 3,
			"eCUMap": 0,
			"fuelMix": 0,
			"telemetryLaps": 0
		},
		"strategy":
		{
			"fuel": 45,
			"nPitStops": 0,
			"tyreSet": 0,
			"pitStrategy": [
				{
					"fuelToAdd": 0,
					"tyres":
					{
						"tyreCompound": 0,
						"tyrePressure": [ 0, 0, 0, 0 ]
					},
					"tyreSet": 2
				}
			],
			"fuelPerLap": 3.4500000476837158
		}
	},
	"advancedSetup":
	{
		"mechanicalBalance":
		{
			"aRBFront": 5,
			"aRBRear": 2,
			"wheelRate": [ 1, 1, 2, 2 ],
			"bumpStopRateUp": [ 7, 7, 7, 7 ],
			"bumpStopRateDn": [ 0, 0, 10, 10 ],
			"bumpStopWindow": [ 15, 15, 50, 50 ],
			"brakeTorque": 20,
			"brakeBias": 45
		},
		"dampers":
		{
			"bumpSlow": [ 6, 6, 1, 1 ],
			"bumpFast": [ 4, 4, 3, 3 ],
			"reboundSlow": [ 4, 4, 3, 3 ],
			"reboundFast": [ 6, 6, 6, 6 ]
		},
		"aeroBalance":
		{
			"rideHeight": [ 7, 6, 9, 18 ],
			"rodLength": [ 18.495334625244141, 18.495334625244141, 80.255538940429688, 80.255538940429688 ],
			"splitter": 0,
			"rearWing": 1,
			"brakeDuct": [ 3, 3 ]
		},
		"drivetrain":
		{
			"preload": 6
		}
	}
}