{
	"carName": "mercedes_amg_gt3",
	"basicSetup":
	{
		"tyres":
		{
			"tyreCompound": 0,
			"tyrePressure": [ 11, 19, 11, 22 ]
		},
		"alignment":
		{
			"camber": [ 29, 29, 13, 13 ],
			"toe": [ 28, 28, 52, 52 ],
			"staticCamber": [ -2.8638668060302734, -2.85392165184021, -3.3518474102020264, -3.3411445617675781 ],
			"toeOutLinear": [ 5.0228791224071756e-05, 5.0146085413871333e-05, 0.00019630804308690131, 0.0001954527833731845 ],
			"casterLF": 33,
			"casterRF": 33,
			"steerRatio": 1
		},
		"electronics":
		{
			"tC1": 9,
			"tC2": 0,
			"abs": 3,
			"eCUMap": 0,
			"fuelMix": 0,
			"telemetryLaps": 0
		},
		"strategy":
		{
			"fuel": 19,
			"nPitStops": 0,
			"tyreSet": 0,
			"pitStrategy": [
				{
					"fuelToAdd": 0,
					"tyres":
					{
						"tyreCompound": 0,
						"tyrePressure": [ 0, 0, 0, 0 ]
					},
					"tyreSet": 2
				}
			],
			"fuelPerLap": 2.6400001049041748
		}
	},
	"advancedSetup":
	{
		"mechanicalBalance":
		{
			"aRBFront": 4,
			"aRBRear": 2,
			"wheelRate": [ 1, 1, 3, 3 ],
			"bumpStopRateUp": [ 4, 4, 6, 6 ],
			"bumpStopRateDn": [ 0, 0, 10, 10 ],
			"bumpStopWindow": [ 8, 8, 50, 50 ],
			"brakeTorque": 20,
			"brakeBias": 45
		},
		"dampers":
		{
			"bumpSlow": [ 6, 6, 9, 9 ],
			"bumpFast": [ 4, 4, 3, 3 ],
			"reboundSlow": [ 6, 6, 7, 7 ],
			"reboundFast": [ 6, 6, 5, 5 ]
		},
		"aeroBalance":
		{
			"rideHeight": [ 6, 6, 4, 18 ],
			"rodLength": [ 15.934751510620117, 15.934751510620117, 70.048988342285156, 70.048988342285156 ],
			"splitter": 5,
			"rearWing": 6,
			"brakeDuct": [ 3, 2 ]
		},
		"drivetrain":
		{
			"preload": 5
		}
	}
}