{
	"carName": "mclaren_720s_gt3",
	"basicSetup":
	{
		"tyres":
		{
			"tyreCompound": 0,
			"tyrePressure": [ 55, 56, 57, 60 ]
		},
		"alignment":
		{
			"camber": [ 4, 4, 3, 3 ],
			"toe": [ 36, 36, 20, 20 ],
			"staticCamber": [ -4.2127609252929688, -4.2121572494506836, -4.0375990867614746, -4.0352621078491211 ],
			"toeOutLinear": [ 0.0015979481395334005, 0.0015979550080373883, 0.00039689705590717494, 0.00039683282375335693 ],
			"casterLF": 11,
			"casterRF": 11,
			"steerRatio": 2
		},
		"electronics":
		{
			"tC1": 1,
			"tC2": 6,
			"abs": 2,
			"eCUMap": 0,
			"fuelMix": 0,
			"telemetryLaps": 99
		},
		"strategy":
		{
			"fuel": 60,
			"nPitStops": 0,
			"tyreSet": 0,
			"frontBrakePadCompound": 0,
			"rearBrakePadCompound": 0,
			"pitStrategy": [
				{
					"fuelToAdd": 0,
					"tyres":
					{
						"tyreCompound": 0,
						"tyrePressure": [ 55, 52, 52, 50 ]
					},
					"tyreSet": 2,
					"frontBrakePadCompound": 1,
					"rearBrakePadCompound": 1
				}
			],
			"fuelPerLap": 3.7999999523162842
		}
	},
	"advancedSetup":
	{
		"mechanicalBalance":
		{
			"aRBFront": 9,
			"aRBRear": 10,
			"wheelRate": [ 5, 5, 4, 4 ],
			"bumpStopRateUp": [ 7, 7, 8, 8 ],
			"bumpStopRateDn": [ 0, 0, 10, 10 ],
			"bumpStopWindow": [ 6, 6, 15, 15 ],
			"brakeTorque": 20,
			"brakeBias": 35
		},
		"dampers":
		{
			"bumpSlow": [ 27, 27, 19, 19 ],
			"bumpFast": [ 33, 33, 10, 10 ],
			"reboundSlow": [ 11, 11, 24, 24 ],
			"reboundFast": [ 30, 30, 6, 6 ]
		},
		"aeroBalance":
		{
			"rideHeight": [ 1, 6, 8, 18 ],
			"rodLength": [ 55.199024200439453, 55.199024200439453, 37.947860717773438, 37.947860717773438 ],
			"splitter": 0,
			"rearWing": 7,
			"brakeDuct": [ 2, 2 ]
		},
		"drivetrain":
		{
			"preload": 5
		}
	},
	"trackBopType": 42
}