{
	"carName": "lamborghini_gallardo_rex",
	"basicSetup":
	{
		"tyres":
		{
			"tyreCompound": 0,
			"tyrePressure": [ 17, 17, 6, 6 ]
		},
		"alignment":
		{
			"camber": [ 14, 14, 20, 20 ],
			"toe": [ 30, 30, 65, 65 ],
			"staticCamber": [ -2.5247001647949219, -2.5298833847045898, -2.472447395324707, -2.4770729541778564 ],
			"toeOutLinear": [ 0.00041106421849690378, 0.00041118616354651749, 0.00050378585001453757, 0.00050379667663946748 ],
			"casterLF": 26,
			"casterRF": 26,
			"steerRatio": 0
		},
		"electronics":
		{
			"tC1": 5,
			"tC2": 0,
			"abs": 3,
			"eCUMap": 0,
			"fuelMix": 0,
			"telemetryLaps": 0
		},
		"strategy":
		{
			"fuel": 17,
			"nPitStops": 0,
			"tyreSet": 0,
			"pitStrategy": [
				{
					"fuelToAdd": 0,
					"tyres":
					{
						"tyreCompound": 0,
						"tyrePressure": [ 0, 0, 0, 0 ]
					},
					"tyreSet": 2
				}
			],
			"fuelPerLap": 3.5999999046325684
		}
	},
	"advancedSetup":
	{
		"mechanicalBalance":
		{
			"aRBFront": 2,
			"aRBRear": 3,
			"wheelRate": [ 9, 9, 0, 0 ],
			"bumpStopRateUp": [ 10, 10, 7, 7 ],
			"bumpStopRateDn": [ 0, 0, 10, 10 ],
			"bumpStopWindow": [ 0, 0, 10, 10 ],
			"brakeTorque": 20,
			"brakeBias": 49
		},
		"dampers":
		{
			"bumpSlow": [ 17, 17, 17, 17 ],
			"bumpFast": [ 14, 14, 16, 16 ],
			"reboundSlow": [ 14, 14, 23, 23 ],
			"reboundFast": [ 14, 14, 21, 21 ]
		},
		"aeroBalance":
		{
			"rideHeight": [ 3, 6, 0, 18 ],
			"rodLength": [ -33.236251831054688, -33.236251831054688, -23.926071166992188, -23.926071166992188 ],
			"splitter": 0,
			"rearWing": 1,
			"brakeDuct": [ 3, 3 ]
		},
		"drivetrain":
		{
			"preload": 15
		}
	}
}