{
	"carName": "mclaren_720s_gt3_evo",
	"basicSetup":
	{
		"tyres":
		{
			"tyreCompound": 0,
			"tyrePressure": [ 42, 47, 38, 44 ]
		},
		"alignment":
		{
			"camber": [ 2, 2, 2, 2 ],
			"toe": [ 36, 36, 25, 25 ],
			"staticCamber": [ -4.4211020469665527, -4.4176888465881348, -4.5371747016906738, -4.5330405235290527 ],
			"toeOutLinear": [ 0.001676029060035944, 0.0016760225407779217, 0.00049365783343091607, 0.0004936778568662703 ],
			"casterLF": 21,
			"casterRF": 21,
			"steerRatio": 2
		},
		"electronics":
		{
			"tC1": 4,
			"tC2": 4,
			"abs": 3,
			"eCUMap": 0,
			"fuelMix": 0,
			"telemetryLaps": 99
		},
		"strategy":
		{
			"fuel": 60,
			"nPitStops": 0,
			"tyreSet": 0,
			"frontBrakePadCompound": 1,
			"rearBrakePadCompound": 1,
			"pitStrategy": [
				{
					"fuelToAdd": 0,
					"tyres":
					{
						"tyreCompound": 0,
						"tyrePressure": [ 42, 47, 38, 44 ]
					},
					"tyreSet": 0,
					"frontBrakePadCompound": 1,
					"rearBrakePadCompound": 1
				}
			],
			"fuelPerLap": 2.5999999046325684
		}
	},
	"advancedSetup":
	{
		"mechanicalBalance":
		{
			"aRBFront": 5,
			"aRBRear": 3,
			"wheelRate": [ 4, 4, 6, 6 ],
			"bumpStopRateUp": [ 7, 7, 2, 2 ],
			"bumpStopRateDn": [ 0, 0, 10, 10 ],
			"bumpStopWindow": [ 2, 2, 20, 20 ],
			"brakeTorque": 20,
			"brakeBias": 40
		},
		"dampers":
		{
			"bumpSlow": [ 30, 30, 14, 14 ],
			"bumpFast": [ 30, 30, 20, 20 ],
			"reboundSlow": [ 20, 20, 23, 23 ],
			"reboundFast": [ 30, 30, 31, 31 ]
		},
		"aeroBalance":
		{
			"rideHeight": [ 0, 6, 6, 18 ],
			"rodLength": [ 51.412696838378906, 51.412696838378906, 32.578880310058594, 32.578880310058594 ],
			"splitter": 0,
			"rearWing": 9,
			"brakeDuct": [ 4, 4 ]
		},
		"drivetrain":
		{
			"preload": 3
		}
	},
	"trackBopType": 46
}