{
	"carName": "mercedes_amg_gt3",
	"basicSetup":
	{
		"tyres":
		{
			"tyreCompound": 0,
			"tyrePressure": [ 23, 23, 21, 21 ]
		},
		"alignment":
		{
			"camber": [ 27, 27, 13, 13 ],
			"toe": [ 28, 28, 48, 48 ],
			"staticCamber": [ -3.0346982479095459, -3.0427463054656982, -3.3470525741577148, -3.3536131381988525 ],
			"toeOutLinear": [ 3.3727901609381661e-05, 3.5531844332581386e-05, 0.00012286749552004039, 0.00012357959349174052 ],
			"casterLF": 33,
			"casterRF": 33,
			"steerRatio": 0
		},
		"electronics":
		{
			"tC1": 6,
			"tC2": 0,
			"abs": 2,
			"eCUMap": 0,
			"fuelMix": 0,
			"telemetryLaps": 0
		},
		"strategy":
		{
			"fuel": 26,
			"nPitStops": 0,
			"tyreSet": 0,
			"pitStrategy": [
				{
					"fuelToAdd": 0,
					"tyres":
					{
						"tyreCompound": 0,
						"tyrePressure": [ 0, 0, 0, 0 ]
					},
					"tyreSet": 2
				}
			],
			"fuelPerLap": 4.0500001907348633
		}
	},
	"advancedSetup":
	{
		"mechanicalBalance":
		{
			"aRBFront": 2,
			"aRBRear": 2,
			"wheelRate": [ 0, 0, 3, 3 ],
			"bumpStopRateUp": [ 7, 7, 3, 3 ],
			"bumpStopRateDn": [ 0, 0, 10, 10 ],
			"bumpStopWindow": [ 25, 25, 50, 50 ],
			"brakeTorque": 20,
			"brakeBias": 57
		},
		"dampers":
		{
			"bumpSlow": [ 3, 3, 7, 7 ],
			"bumpFast": [ 4, 4, 8, 8 ],
			"reboundSlow": [ 7, 7, 7, 7 ],
			"reboundFast": [ 6, 6, 6, 6 ]
		},
		"aeroBalance":
		{
			"rideHeight": [ 6, 6, 4, 18 ],
			"rodLength": [ 18.910074234008789, 18.910074234008789, 70.053634643554688, 70.053634643554688 ],
			"splitter": 5,
			"rearWing": 4,
			"brakeDuct": [ 3, 2 ]
		},
		"drivetrain":
		{
			"preload": 4
		}
	}
}