{
	"carName": "honda_nsx_gt3_evo",
	"basicSetup":
	{
		"tyres":
		{
			"tyreCompound": 0,
			"tyrePressure": [ 48, 58, 48, 54 ]
		},
		"alignment":
		{
			"camber": [ 0, 0, 2, 2 ],
			"toe": [ 30, 30, 45, 45 ],
			"staticCamber": [ -3.2208776473999023, -3.2146275043487549, -2.6530675888061523, -2.6486337184906006 ],
			"toeOutLinear": [ 0.00068962550722062588, 0.00068962748628109694, 0.00095647107809782028, 0.00095639750361442566 ],
			"casterLF": 4,
			"casterRF": 4,
			"steerRatio": 3
		},
		"electronics":
		{
			"tC1": 3,
			"tC2": 3,
			"abs": 4,
			"eCUMap": 0,
			"fuelMix": 0,
			"telemetryLaps": 99
		},
		"strategy":
		{
			"fuel": 48,
			"nPitStops": 0,
			"tyreSet": 0,
			"frontBrakePadCompound": 1,
			"rearBrakePadCompound": 1,
			"pitStrategy": [
				{
					"fuelToAdd": 0,
					"tyres":
					{
						"tyreCompound": 0,
						"tyrePressure": [ 55, 55, 48, 48 ]
					},
					"tyreSet": 2,
					"frontBrakePadCompound": 1,
					"rearBrakePadCompound": 1
				}
			],
			"fuelPerLap": 3.2000000476837158
		}
	},
	"advancedSetup":
	{
		"mechanicalBalance":
		{
			"aRBFront": 5,
			"aRBRear": 5,
			"wheelRate": [ 8, 8, 5, 5 ],
			"bumpStopRateUp": [ 1, 1, 2, 2 ],
			"bumpStopRateDn": [ 0, 0, 10, 10 ],
			"bumpStopWindow": [ 2, 2, 15, 15 ],
			"brakeTorque": 20,
			"brakeBias": 50
		},
		"dampers":
		{
			"bumpSlow": [ 8, 8, 8, 8 ],
			"bumpFast": [ 8, 8, 8, 8 ],
			"reboundSlow": [ 8, 8, 8, 8 ],
			"reboundFast": [ 8, 8, 8, 8 ]
		},
		"aeroBalance":
		{
			"rideHeight": [ 1, 6, 6, 18 ],
			"rodLength": [ -10.376438140869141, -10.376438140869141, -5.0397958755493164, -5.0397958755493164 ],
			"splitter": 0,
			"rearWing": 9,
			"brakeDuct": [ 4, 4 ]
		},
		"drivetrain":
		{
			"preload": 3
		}
	},
	"trackBopType": 46
}