{
	"carName": "mercedes_amg_gt3",
	"basicSetup":
	{
		"tyres":
		{
			"tyreCompound": 0,
			"tyrePressure": [ 19, 13, 18, 19 ]
		},
		"alignment":
		{
			"camber": [ 24, 24, 15, 15 ],
			"toe": [ 28, 28, 54, 54 ],
			"staticCamber": [ -3.1269369125366211, -3.1255741119384766, -3.1044034957885742, -3.1026277542114258 ],
			"toeOutLinear": [ -0.00012916082050651312, -0.00013043986109551042, 0.00019950582645833492, 0.0001988836593227461 ],
			"casterLF": 33,
			"casterRF": 33,
			"steerRatio": 1
		},
		"electronics":
		{
			"tC1": 9,
			"tC2": 0,
			"abs": 3,
			"eCUMap": 0,
			"fuelMix": 0,
			"telemetryLaps": 0
		},
		"strategy":
		{
			"fuel": 17,
			"nPitStops": 0,
			"tyreSet": 2,
			"pitStrategy": [
				{
					"fuelToAdd": 0,
					"tyres":
					{
						"tyreCompound": 0,
						"tyrePressure": [ 0, 0, 0, 0 ]
					},
					"tyreSet": 2
				}
			],
			"fuelPerLap": 3.1789200305938721
		}
	},
	"advancedSetup":
	{
		"mechanicalBalance":
		{
			"aRBFront": 2,
			"aRBRear": 4,
			"wheelRate": [ 1, 1, 0, 0 ],
			"bumpStopRateUp": [ 12, 12, 1, 1 ],
			"bumpStopRateDn": [ 0, 0, 10, 10 ],
			"bumpStopWindow": [ 25, 25, 12, 12 ],
			"brakeTorque": 20,
			"brakeBias": 53
		},
		"dampers":
		{
			"bumpSlow": [ 6, 6, 10, 10 ],
			"bumpFast": [ 2, 2, 6, 6 ],
			"reboundSlow": [ 7, 7, 7, 7 ],
			"reboundFast": [ 6, 6, 6, 6 ]
		},
		"aeroBalance":
		{
			"rideHeight": [ 2, 6, 0, 18 ],
			"rodLength": [ 12.294530868530273, 12.294530868530273, 80.462249755859375, 80.462249755859375 ],
			"splitter": 8,
			"rearWing": 4,
			"brakeDuct": [ 3, 3 ]
		},
		"drivetrain":
		{
			"preload": 4
		}
	}
}