{
	"carName": "mercedes_amg_gt3",
	"basicSetup":
	{
		"tyres":
		{
			"tyreCompound": 0,
			"tyrePressure": [ 20, 20, 21, 21 ]
		},
		"alignment":
		{
			"camber": [ 22, 22, 6, 6 ],
			"toe": [ 27, 27, 48, 48 ],
			"staticCamber": [ -3.8325693607330322, -3.8234143257141113, -4.1110124588012695, -4.1026315689086914 ],
			"toeOutLinear": [ 0.00029655301477760077, 0.00029535783687606454, 0.00020671369566116482, 0.00020522023260127753 ],
			"casterLF": 33,
			"casterRF": 33,
			"steerRatio": 3
		},
		"electronics":
		{
			"tC1": 6,
			"tC2": 0,
			"abs": 6,
			"eCUMap": 1,
			"fuelMix": 0,
			"telemetryLaps": 0
		},
		"strategy":
		{
			"fuel": 60,
			"nPitStops": 0,
			"tyreSet": 0,
			"pitStrategy": [
				{
					"fuelToAdd": 0,
					"tyres":
					{
						"tyreCompound": 0,
						"tyrePressure": [ 0, 0, 0, 0 ]
					},
					"tyreSet": 2
				}
			],
			"fuelPerLap": 2.7599999904632568
		}
	},
	"advancedSetup":
	{
		"mechanicalBalance":
		{
			"aRBFront": 4,
			"aRBRear": 4,
			"wheelRate": [ 1, 1, 3, 3 ],
			"bumpStopRateUp": [ 4, 4, 3, 3 ],
			"bumpStopRateDn": [ 0, 0, 10, 10 ],
			"bumpStopWindow": [ 7, 7, 50, 50 ],
			"brakeTorque": 20,
			"brakeBias": 63
		},
		"dampers":
		{
			"bumpSlow": [ 8, 8, 10, 10 ],
			"bumpFast": [ 4, 4, 8, 8 ],
			"reboundSlow": [ 7, 7, 7, 7 ],
			"reboundFast": [ 6, 6, 6, 6 ]
		},
		"aeroBalance":
		{
			"rideHeight": [ 10, 6, 11, 18 ],
			"rodLength": [ 21.395242691040039, 21.395242691040039, 78.786911010742188, 78.786911010742188 ],
			"splitter": 3,
			"rearWing": 3,
			"brakeDuct": [ 4, 4 ]
		},
		"drivetrain":
		{
			"preload": 1
		}
	}
}