{
	"carName": "mclaren_720s_gt3",
	"basicSetup":
	{
		"tyres":
		{
			"tyreCompound": 0,
			"tyrePressure": [ 61, 65, 58, 61 ]
		},
		"alignment":
		{
			"camber": [ 8, 8, 15, 15 ],
			"toe": [ 38, 38, 25, 25 ],
			"staticCamber": [ -4.8080358505249023, -4.8152027130126953, -4.5178976058959961, -4.5253539085388184 ],
			"toeOutLinear": [ 0.0016821352764964104, 0.0016832394758239388, 0.00054625578923150897, 0.00054629804799333215 ],
			"casterLF": 11,
			"casterRF": 11,
			"steerRatio": 1
		},
		"electronics":
		{
			"tC1": 4,
			"tC2": 6,
			"abs": 3,
			"eCUMap": 0,
			"fuelMix": 0,
			"telemetryLaps": 0
		},
		"strategy":
		{
			"fuel": 40,
			"nPitStops": 0,
			"tyreSet": 0,
			"pitStrategy": [
				{
					"fuelToAdd": 0,
					"tyres":
					{
						"tyreCompound": 0,
						"tyrePressure": [ 54, 54, 48, 48 ]
					},
					"tyreSet": 2
				}
			],
			"fuelPerLap": 4.0999999046325684
		}
	},
	"advancedSetup":
	{
		"mechanicalBalance":
		{
			"aRBFront": 6,
			"aRBRear": 5,
			"wheelRate": [ 3, 3, 4, 4 ],
			"bumpStopRateUp": [ 6, 6, 7, 7 ],
			"bumpStopRateDn": [ 0, 0, 10, 10 ],
			"bumpStopWindow": [ 0, 0, 50, 50 ],
			"brakeTorque": 20,
			"brakeBias": 43
		},
		"dampers":
		{
			"bumpSlow": [ 26, 26, 25, 25 ],
			"bumpFast": [ 31, 31, 30, 30 ],
			"reboundSlow": [ 14, 14, 15, 15 ],
			"reboundFast": [ 10, 10, 20, 20 ]
		},
		"aeroBalance":
		{
			"rideHeight": [ 6, 6, 13, 18 ],
			"rodLength": [ 66.3951416015625, 66.3951416015625, 45.526103973388672, 45.526103973388672 ],
			"splitter": 0,
			"rearWing": 6,
			"brakeDuct": [ 3, 2 ]
		},
		"drivetrain":
		{
			"preload": 7
		}
	}
}