{
	"carName": "mercedes_amg_gt3",
	"basicSetup":
	{
		"tyres":
		{
			"tyreCompound": 0,
			"tyrePressure": [ 10, 18, 14, 18 ]
		},
		"alignment":
		{
			"camber": [ 22, 22, 6, 6 ],
			"toe": [ 27, 27, 48, 48 ],
			"staticCamber": [ -3.4061276912689209, -3.3995034694671631, -4.0429048538208008, -4.0377597808837891 ],
			"toeOutLinear": [ -4.9914673581952229e-05, -5.0803981139324605e-05, 0.00011341243225615472, 0.00011372152948752046 ],
			"casterLF": 33,
			"casterRF": 33,
			"steerRatio": 0
		},
		"electronics":
		{
			"tC1": 9,
			"tC2": 0,
			"abs": 2,
			"eCUMap": 0,
			"fuelMix": 0,
			"telemetryLaps": 0
		},
		"strategy":
		{
			"fuel": 17,
			"nPitStops": 0,
			"tyreSet": 0,
			"pitStrategy": [
				{
					"fuelToAdd": 0,
					"tyres":
					{
						"tyreCompound": 0,
						"tyrePressure": [ 0, 0, 0, 0 ]
					},
					"tyreSet": 2
				}
			],
			"fuelPerLap": 4.0591440200805664
		}
	},
	"advancedSetup":
	{
		"mechanicalBalance":
		{
			"aRBFront": 4,
			"aRBRear": 4,
			"wheelRate": [ 0, 0, 2, 2 ],
			"bumpStopRateUp": [ 9, 9, 3, 3 ],
			"bumpStopRateDn": [ 0, 0, 10, 10 ],
			"bumpStopWindow": [ 25, 25, 50, 50 ],
			"brakeTorque": 20,
			"brakeBias": 53
		},
		"dampers":
		{
			"bumpSlow": [ 4, 4, 7, 7 ],
			"bumpFast": [ 4, 4, 8, 8 ],
			"reboundSlow": [ 8, 8, 7, 7 ],
			"reboundFast": [ 9, 9, 6, 6 ]
		},
		"aeroBalance":
		{
			"rideHeight": [ 3, 6, 2, 18 ],
			"rodLength": [ 16.789627075195313, 16.789627075195313, 72.199310302734375, 72.199310302734375 ],
			"splitter": 9,
			"rearWing": 7,
			"brakeDuct": [ 3, 3 ]
		},
		"drivetrain":
		{
			"preload": 1
		}
	}
}