{
	"carName": "mercedes_amg_gt3",
	"basicSetup":
	{
		"tyres":
		{
			"tyreCompound": 1,
			"tyrePressure": [ 58, 65, 58, 65 ]
		},
		"alignment":
		{
			"camber": [ 22, 22, 6, 6 ],
			"toe": [ 27, 27, 48, 48 ],
			"staticCamber": [ -3.6138253211975098, -3.611187219619751, -4.073157787322998, -4.0699725151062012 ],
			"toeOutLinear": [ 0.00011534202349139377, 0.00011568896297831088, 0.00014544180885422975, 0.00014543831639457494 ],
			"casterLF": 33,
			"casterRF": 33,
			"steerRatio": 0
		},
		"electronics":
		{
			"tC1": 9,
			"tC2": 0,
			"abs": 6,
			"eCUMap": 1,
			"fuelMix": 0,
			"telemetryLaps": 0
		},
		"strategy":
		{
			"fuel": 19,
			"nPitStops": 0,
			"tyreSet": 0,
			"pitStrategy": [
				{
					"fuelToAdd": 0,
					"tyres":
					{
						"tyreCompound": 0,
						"tyrePressure": [ 0, 0, 0, 0 ]
					},
					"tyreSet": 2
				}
			],
			"fuelPerLap": 3.7347469329833984
		}
	},
	"advancedSetup":
	{
		"mechanicalBalance":
		{
			"aRBFront": 4,
			"aRBRear": 4,
			"wheelRate": [ 0, 0, 2, 2 ],
			"bumpStopRateUp": [ 9, 9, 3, 3 ],
			"bumpStopRateDn": [ 0, 0, 10, 10 ],
			"bumpStopWindow": [ 25, 25, 50, 50 ],
			"brakeTorque": 20,
			"brakeBias": 53
		},
		"dampers":
		{
			"bumpSlow": [ 4, 4, 7, 7 ],
			"bumpFast": [ 4, 4, 8, 8 ],
			"reboundSlow": [ 8, 8, 7, 7 ],
			"reboundFast": [ 9, 9, 6, 6 ]
		},
		"aeroBalance":
		{
			"rideHeight": [ 7, 6, 9, 18 ],
			"rodLength": [ 20.59007453918457, 20.59007453918457, 76.812301635742188, 76.812301635742188 ],
			"splitter": 8,
			"rearWing": 7,
			"brakeDuct": [ 3, 3 ]
		},
		"drivetrain":
		{
			"preload": 1
		}
	}
}