{
	"carName": "mercedes_amg_gt3",
	"basicSetup":
	{
		"tyres":
		{
			"tyreCompound": 0,
			"tyrePressure": [ 10, 20, 15, 20 ]
		},
		"alignment":
		{
			"camber": [ 27, 27, 10, 10 ],
			"toe": [ 30, 30, 50, 50 ],
			"staticCamber": [ -3.0820596218109131, -3.0607922077178955, -3.6993811130523682, -3.6800260543823242 ],
			"toeOutLinear": [ 1.9877710656146519e-05, 1.7181291696033441e-05, 0.00021521530288737267, 0.00021266024850774556 ],
			"casterLF": 33,
			"casterRF": 33,
			"steerRatio": 3
		},
		"electronics":
		{
			"tC1": 2,
			"tC2": 0,
			"abs": 3,
			"eCUMap": 0,
			"fuelMix": 0,
			"telemetryLaps": 0
		},
		"strategy":
		{
			"fuel": 60,
			"nPitStops": 0,
			"tyreSet": 3,
			"pitStrategy": [
				{
					"fuelToAdd": 2,
					"tyres":
					{
						"tyreCompound": 0,
						"tyrePressure": [ 10, 12, 10, 16 ]
					},
					"tyreSet": 2
				}
			],
			"fuelPerLap": 2.5
		}
	},
	"advancedSetup":
	{
		"mechanicalBalance":
		{
			"aRBFront": 4,
			"aRBRear": 4,
			"wheelRate": [ 0, 0, 3, 3 ],
			"bumpStopRateUp": [ 4, 4, 3, 3 ],
			"bumpStopRateDn": [ 0, 0, 10, 10 ],
			"bumpStopWindow": [ 25, 25, 50, 50 ],
			"brakeTorque": 20,
			"brakeBias": 55
		},
		"dampers":
		{
			"bumpSlow": [ 4, 4, 2, 2 ],
			"bumpFast": [ 4, 4, 3, 3 ],
			"reboundSlow": [ 7, 7, 7, 7 ],
			"reboundFast": [ 6, 6, 6, 6 ]
		},
		"aeroBalance":
		{
			"rideHeight": [ 6, 6, 9, 18 ],
			"rodLength": [ 19.394649505615234, 19.394649505615234, 76.5609130859375, 76.5609130859375 ],
			"splitter": 4,
			"rearWing": 6,
			"brakeDuct": [ 3, 3 ]
		},
		"drivetrain":
		{
			"preload": 6
		}
	}
}