{
	"carName": "ferrari_488_gt3",
	"basicSetup":
	{
		"tyres":
		{
			"tyreCompound": 0,
			"tyrePressure": [ 9, 13, 3, 7 ]
		},
		"alignment":
		{
			"camber": [ 10, 10, 16, 16 ],
			"toe": [ 20, 20, 58, 58 ],
			"staticCamber": [ -2.8987836837768555, -2.8949198722839355, -2.2701492309570313, -2.2655467987060547 ],
			"toeOutLinear": [ -0.0017298897728323936, -0.001729601644910872, 0.00011662716133287176, 0.0001167594818980433 ],
			"casterLF": 43,
			"casterRF": 43,
			"steerRatio": 3
		},
		"electronics":
		{
			"tC1": 4,
			"tC2": 2,
			"abs": 3,
			"eCUMap": 0,
			"fuelMix": 0,
			"telemetryLaps": 0
		},
		"strategy":
		{
			"fuel": 27,
			"nPitStops": 0,
			"tyreSet": 0,
			"pitStrategy": [
				{
					"fuelToAdd": 0,
					"tyres":
					{
						"tyreCompound": 0,
						"tyrePressure": [ 0, 0, 0, 0 ]
					},
					"tyreSet": 0
				}
			],
			"fuelPerLap": 2.5499999523162842
		}
	},
	"advancedSetup":
	{
		"mechanicalBalance":
		{
			"aRBFront": 22,
			"aRBRear": 1,
			"wheelRate": [ 4, 4, 2, 2 ],
			"bumpStopRateUp": [ 11, 11, 2, 2 ],
			"bumpStopRateDn": [ 0, 0, 10, 10 ],
			"bumpStopWindow": [ 4, 4, 47, 47 ],
			"brakeTorque": 20,
			"brakeBias": 56
		},
		"dampers":
		{
			"bumpSlow": [ 6, 6, 5, 5 ],
			"bumpFast": [ 9, 9, 11, 11 ],
			"reboundSlow": [ 5, 5, 2, 2 ],
			"reboundFast": [ 4, 4, 4, 4 ]
		},
		"aeroBalance":
		{
			"rideHeight": [ 5, 6, 4, 18 ],
			"rodLength": [ -29.205850601196289, -29.205850601196289, -16.082071304321289, -16.082071304321289 ],
			"splitter": 0,
			"rearWing": 11,
			"brakeDuct": [ 3, 3 ]
		},
		"drivetrain":
		{
			"preload": 7
		}
	}
}