{
	"carName": "mclaren_720s_gt3",
	"basicSetup":
	{
		"tyres":
		{
			"tyreCompound": 0,
			"tyrePressure": [ 48, 57, 45, 55 ]
		},
		"alignment":
		{
			"camber": [ 8, 8, 15, 15 ],
			"toe": [ 38, 38, 25, 25 ],
			"staticCamber": [ -4.8346428871154785, -4.7885937690734863, -4.5727872848510742, -4.5282406806945801 ],
			"toeOutLinear": [ 0.0016832969849929214, 0.0016819345764815807, 0.00055154145229607821, 0.00055184500524774194 ],
			"casterLF": 11,
			"casterRF": 11,
			"steerRatio": 1
		},
		"electronics":
		{
			"tC1": 3,
			"tC2": 6,
			"abs": 3,
			"eCUMap": 0,
			"fuelMix": 0,
			"telemetryLaps": 0
		},
		"strategy":
		{
			"fuel": 24,
			"nPitStops": 0,
			"tyreSet": 1,
			"pitStrategy": [
				{
					"fuelToAdd": 0,
					"tyres":
					{
						"tyreCompound": 0,
						"tyrePressure": [ 50, 63, 47, 59 ]
					},
					"tyreSet": 2
				}
			],
			"fuelPerLap": 3.137939453125
		}
	},
	"advancedSetup":
	{
		"mechanicalBalance":
		{
			"aRBFront": 6,
			"aRBRear": 5,
			"wheelRate": [ 3, 3, 4, 4 ],
			"bumpStopRateUp": [ 6, 6, 7, 7 ],
			"bumpStopRateDn": [ 0, 0, 10, 10 ],
			"bumpStopWindow": [ 0, 0, 50, 50 ],
			"brakeTorque": 20,
			"brakeBias": 43
		},
		"dampers":
		{
			"bumpSlow": [ 26, 26, 25, 25 ],
			"bumpFast": [ 31, 31, 30, 30 ],
			"reboundSlow": [ 14, 14, 15, 15 ],
			"reboundFast": [ 10, 10, 20, 20 ]
		},
		"aeroBalance":
		{
			"rideHeight": [ 5, 6, 13, 18 ],
			"rodLength": [ 66.894676208496094, 66.894676208496094, 46.843418121337891, 46.843418121337891 ],
			"splitter": 0,
			"rearWing": 7,
			"brakeDuct": [ 3, 2 ]
		},
		"drivetrain":
		{
			"preload": 7
		}
	}
}