{
	"carName": "mclaren_720s_gt3",
	"basicSetup":
	{
		"tyres":
		{
			"tyreCompound": 0,
			"tyrePressure": [ 57, 49, 56, 52 ]
		},
		"alignment":
		{
			"camber": [ 0, 0, 0, 0 ],
			"toe": [ 38, 38, 25, 25 ],
			"staticCamber": [ -4.6094403266906738, -4.614326000213623, -4.444488525390625, -4.4472684860229492 ],
			"toeOutLinear": [ 0.0015925822081044316, 0.0015925465850159526, 0.00053183513227850199, 0.00053175084758549929 ],
			"casterLF": 11,
			"casterRF": 11,
			"steerRatio": 2
		},
		"electronics":
		{
			"tC1": 4,
			"tC2": 6,
			"abs": 6,
			"eCUMap": 0,
			"fuelMix": 0,
			"telemetryLaps": 99
		},
		"strategy":
		{
			"fuel": 60,
			"nPitStops": 0,
			"tyreSet": 0,
			"frontBrakePadCompound": 1,
			"rearBrakePadCompound": 1,
			"pitStrategy": [
				{
					"fuelToAdd": 0,
					"tyres":
					{
						"tyreCompound": 0,
						"tyrePressure": [ 57, 49, 56, 52 ]
					},
					"tyreSet": 2,
					"frontBrakePadCompound": 1,
					"rearBrakePadCompound": 1
				}
			],
			"fuelPerLap": 2.7000000476837158
		}
	},
	"advancedSetup":
	{
		"mechanicalBalance":
		{
			"aRBFront": 6,
			"aRBRear": 4,
			"wheelRate": [ 2, 2, 3, 3 ],
			"bumpStopRateUp": [ 7, 7, 2, 2 ],
			"bumpStopRateDn": [ 0, 0, 10, 10 ],
			"bumpStopWindow": [ 1, 1, 50, 50 ],
			"brakeTorque": 20,
			"brakeBias": 55
		},
		"dampers":
		{
			"bumpSlow": [ 20, 20, 20, 20 ],
			"bumpFast": [ 23, 23, 30, 30 ],
			"reboundSlow": [ 8, 8, 22, 22 ],
			"reboundFast": [ 20, 20, 27, 27 ]
		},
		"aeroBalance":
		{
			"rideHeight": [ 2, 6, 11, 18 ],
			"rodLength": [ 52.830211639404297, 52.830211639404297, 33.132453918457031, 33.132453918457031 ],
			"splitter": 0,
			"rearWing": 6,
			"brakeDuct": [ 4, 3 ]
		},
		"drivetrain":
		{
			"preload": 3
		}
	},
	"trackBopType": 43
}